0,beauv_080719_b0035
1,beauv_080719_c0036
2,beauv_150719_a0004
3,beauv_150719_b0005
4,beauv_150719_c0006
5,beauv_w25_a0003
6,beauv_w25_b0002
7,beauv_w25_c0001
8,beauv_w27_a0007
9,beauv_w27_a0025_two
10,beauv_w27_b0008
11,beauv_w27_c0009
12,brainlal_080719_b0033
13,brainlal_080719_c0034
14,brainlal_150719_a0013
15,brainlal_150719_b0014
16,brainlal_150719_c0015
17,brainlal_w25_a0026
18,brainlal_w25_b0027
19,brainlal_w25_c0028
20,brainlal_w27_a0010
21,brainlal_w27_a0032
22,brainlal_w27_b0011
23,brainlal_w27_c0012
24,her_2856719_0001
25,her_2856719_0002
26,her_2856719_0003
27,her_2856719_0004
28,her_2856719_0005
29,her_2856719_0006
30,her_2856719_0007
31,her_2856719_0008
32,her_2856719_0009
33,her_2856719_0010
34,her_2856719_0011
35,her_2856719_0012
36,her_2856719_0013
37,her_2856719_0014
38,her_2856719_0015
39,her_2856719_0016
40,her_05120719_0001
41,her_05120719_0002
42,her_05120719_0003
43,her_05120719_0004
44,her_05120719_0005
45,her_05120719_0006
46,her_05120719_0007
47,her_05120719_0008
48,her_05120719_0009
49,her_05120719_0010
50,her_05120719_0011
51,her_05120719_0012
52,her_05120719_0013
53,her_05120719_0014
54,her_05120719_0015
55,her_05120719_0016
56,her_21280619_0001
57,her_21280619_0002
58,her_21280619_0003
59,her_21280619_0004
60,her_21280619_0005
61,her_21280619_0006
62,her_21280619_0007
63,her_21280619_0008
64,her_21280619_0009
65,her_21280619_0010
66,her_21280619_0011
67,her_21280619_0012
68,her_21280619_0013
69,her_21280619_0014
70,her_21280619_0015
71,her_21280619_0016
72,kampen_w25_a0022
73,kampen_w25_b0023
74,kampen_w25_c0024
75,kampen_w26_a0029
76,kampen_w26_b0030
77,kampen_w26_c0031
78,kampen_w27_a0019
79,kampen_w27_b0020
80,kampen_w27_c0021
81,kampen_w28_a0016
82,kampen_w28_b0017
83,kampen_w28_c0018
84,beauv_15_7_A_52_160_1-15 s_11_48 mm_Manual_Manual_6240 x 4160
85,beauv_15_7_B_53_160_1-15 s_11_48 mm_Manual_Manual_6240 x 4160
86,beauv_15_7_C_54_160_1-15 s_11_48 mm_Manual_Manual_6240 x 4160
87,beauv_8719_B_83_160_1-15 s_11_48 mm_Manual_Manual_6240 x 4160
88,beauv_8719_C_84_160_1-15 s_11_48 mm_Manual_Manual_6240 x 4160
89,beauv_w25_A_49_160_1-15 s_11_48 mm_Manual_Manual_6240 x 4160
90,beauv_w25_B_50_160_1-15 s_11_48 mm_Manual_Manual_6240 x 4160
91,beauv_w25_C_51_160_1-15 s_11_48 mm_Manual_Manual_6240 x 4160
92,beauv_w27_A2_73_160_1-15 s_11_48 mm_Manual_Manual_6240 x 4160
93,beauv_w27_A_55_160_1-15 s_11_48 mm_Manual_Manual_6240 x 4160
94,beauv_w27_B_56_160_1-15 s_11_48 mm_Manual_Manual_6240 x 4160
95,beauv_w27_C_57_160_1-15 s_11_48 mm_Manual_Manual_6240 x 4160
96,brainelal_8719_B_81_160_1-15 s_11_48 mm_Manual_Manual_6240 x 4160
97,brainelal_8719_C_82_160_1-15 s_11_48 mm_Manual_Manual_6240 x 4160
98,brainelal_w25_A_74_160_1-15 s_11_48 mm_Manual_Manual_6240 x 4160
99,brainelal_w25_B_75_160_1-15 s_11_48 mm_Manual_Manual_6240 x 4160
100,brainelal_w25_C_76_160_1-15 s_11_48 mm_Manual_Manual_6240 x 4160
101,brainelal_w27_A_80_160_1-15 s_11_48 mm_Manual_Manual_6240 x 4160
102,brainlal_15_7_A_61_160_1-15 s_11_48 mm_Manual_Manual_6240 x 4160
103,brainlal_15_7_B_62_160_1-15 s_11_48 mm_Manual_Manual_6240 x 4160
104,brainlal_15_7_C_63_160_1-15 s_11_48 mm_Manual_Manual_6240 x 4160
105,brainlal_w27_A_58_160_1-15 s_11_48 mm_Manual_Manual_6240 x 4160
106,brainlal_w27_B_59_160_1-15 s_11_48 mm_Manual_Manual_6240 x 4160
107,brainlal_w27_C_60_160_1-15 s_11_48 mm_Manual_Manual_6240 x 4160
108,her_512719_01_17_160_1-15 s_11_48 mm_Manual_Manual_6240 x 4160
109,her_512719_02_18_160_1-15 s_11_48 mm_Manual_Manual_6240 x 4160
110,her_512719_03_19_160_1-15 s_11_48 mm_Manual_Manual_6240 x 4160
111,her_512719_04_20_160_1-15 s_11_48 mm_Manual_Manual_6240 x 4160
112,her_512719_05_21_160_1-15 s_11_48 mm_Manual_Manual_6240 x 4160
113,her_512719_06_22_160_1-15 s_11_48 mm_Manual_Manual_6240 x 4160
114,her_512719_07_23_160_1-15 s_11_48 mm_Manual_Manual_6240 x 4160
115,her_512719_08_24_160_1-15 s_11_48 mm_Manual_Manual_6240 x 4160
116,her_512719_09_25_160_1-15 s_11_48 mm_Manual_Manual_6240 x 4160
117,her_512719_10_26_160_1-15 s_11_48 mm_Manual_Manual_6240 x 4160
118,her_512719_11_27_160_1-15 s_11_48 mm_Manual_Manual_6240 x 4160
119,her_512719_12_28_160_1-15 s_11_48 mm_Manual_Manual_6240 x 4160
120,her_512719_13_29_160_1-15 s_11_48 mm_Manual_Manual_6240 x 4160
121,her_512719_14_30_160_1-15 s_11_48 mm_Manual_Manual_6240 x 4160
122,her_512719_15_31_160_1-15 s_11_48 mm_Manual_Manual_6240 x 4160
123,her_512719_16_32_160_1-15 s_11_48 mm_Manual_Manual_6240 x 4160
124,her_2128619_01_33_160_1-15 s_11_48 mm_Manual_Manual_6240 x 4160
125,her_2128619_02_34_160_1-15 s_11_48 mm_Manual_Manual_6240 x 4160
126,her_2128619_03_35_160_1-15 s_11_48 mm_Manual_Manual_6240 x 4160
127,her_2128619_04_36_160_1-15 s_11_48 mm_Manual_Manual_6240 x 4160
128,her_2128619_05_37_160_1-15 s_11_48 mm_Manual_Manual_6240 x 4160
129,her_2128619_06_38_160_1-15 s_11_48 mm_Manual_Manual_6240 x 4160
130,her_2128619_07_39_160_1-15 s_11_48 mm_Manual_Manual_6240 x 4160
131,her_2128619_08_40_160_1-15 s_11_48 mm_Manual_Manual_6240 x 4160
132,her_2128619_09_41_160_1-15 s_11_48 mm_Manual_Manual_6240 x 4160
133,her_2128619_10_42_160_1-15 s_11_48 mm_Manual_Manual_6240 x 4160
134,her_2128619_11_43_160_1-15 s_11_48 mm_Manual_Manual_6240 x 4160
135,her_2128619_12_44_160_1-15 s_11_48 mm_Manual_Manual_6240 x 4160
136,her_2128619_13_45_160_1-15 s_11_48 mm_Manual_Manual_6240 x 4160
137,her_2128619_14_46_160_1-15 s_11_48 mm_Manual_Manual_6240 x 4160
138,her_2128619_15_47_160_1-15 s_11_48 mm_Manual_Manual_6240 x 4160
139,her_2128619_16_48_160_1-15 s_11_48 mm_Manual_Manual_6240 x 4160
140,her_2856719_01_01_160_1-15 s_11_48 mm_Manual_Manual_6240 x 4160
141,her_2856719_03_02_160_1-15 s_11_48 mm_Manual_Manual_6240 x 4160
142,her_2856719_03_03_160_1-15 s_11_48 mm_Manual_Manual_6240 x 4160
143,her_2856719_04_04_160_1-15 s_11_48 mm_Manual_Manual_6240 x 4160
144,her_2856719_05_05_160_1-15 s_11_48 mm_Manual_Manual_6240 x 4160
145,her_2856719_06_06_160_1-15 s_11_48 mm_Manual_Manual_6240 x 4160
146,her_2856719_07_07_160_1-15 s_11_48 mm_Manual_Manual_6240 x 4160
147,her_2856719_08_08_160_1-15 s_11_48 mm_Manual_Manual_6240 x 4160
148,her_2856719_09_09_160_1-15 s_11_48 mm_Manual_Manual_6240 x 4160
149,her_2856719_10_10_160_1-15 s_11_48 mm_Manual_Manual_6240 x 4160
150,her_2856719_11_11_160_1-15 s_11_48 mm_Manual_Manual_6240 x 4160
151,her_2856719_12_12_160_1-15 s_11_48 mm_Manual_Manual_6240 x 4160
152,her_2856719_13_13_160_1-15 s_11_48 mm_Manual_Manual_6240 x 4160
153,her_2856719_14_14_160_1-15 s_11_48 mm_Manual_Manual_6240 x 4160
154,her_2856719_15_15_160_1-15 s_11_48 mm_Manual_Manual_6240 x 4160
155,her_2856719_16_16_160_1-15 s_11_48 mm_Manual_Manual_6240 x 4160
156,kampen_w25_A_70_160_1-15 s_11_48 mm_Manual_Manual_6240 x 4160
157,kampen_w25_B_71_160_1-15 s_11_48 mm_Manual_Manual_6240 x 4160
158,kampen_w25_C_72_160_1-15 s_11_48 mm_Manual_Manual_6240 x 4160
159,kampen_w26_A_77_160_1-15 s_11_48 mm_Manual_Manual_6240 x 4160
160,kampen_w26_B_78_160_1-15 s_11_48 mm_Manual_Manual_6240 x 4160
161,kampen_w26_C_79_160_1-15 s_11_48 mm_Manual_Manual_6240 x 4160
162,kampen_w27_AAA_69_160_1-15 s_11_48 mm_Manual_Manual_6240 x 4160
163,kampen_w27_AA_68_160_1-15 s_11_48 mm_Manual_Manual_6240 x 4160
164,kampen_w27_A_67_160_1-15 s_11_48 mm_Manual_Manual_6240 x 4160
165,kampen_w28_A_64_160_1-15 s_11_48 mm_Manual_Manual_6240 x 4160
166,kampen_w28_B_65_160_1-15 s_11_48 mm_Manual_Manual_6240 x 4160
167,kampen_w28_C_66_160_1-15 s_11_48 mm_Manual_Manual_6240 x 4160
168,BEAUV_W29_A_37_F11_51 mm_ISO160_1-15 s
169,BEAUV_W29_B_38_F11_51 mm_ISO160_1-15 s
170,BEAUV_W29_C_39_F11_51 mm_ISO160_1-15 s
171,BEAUV_W30_A_33_F11_51 mm_ISO160_1-15 s
172,BEAUV_W30_B_32_F11_51 mm_ISO160_1-15 s
173,BEAUV_W30_C_31_F11_51 mm_ISO160_1-15 s
174,BRAINELAL_W29_A_40_F11_51 mm_ISO160_1-15 s
175,BRAINELAL_W29_B_41_F11_51 mm_ISO160_1-15 s
176,BRAINELAL_W29_C_42_F11_51 mm_ISO160_1-15 s
177,BRAINELAL_W30_A_36_F11_51 mm_ISO160_1-15 s
178,BRAINELAL_W30_B_35_F11_51 mm_ISO160_1-15 s
179,BRAINELAL_W30_C_34_F11_51 mm_ISO160_1-15 s
180,HER_1219719_1_46_F11_51 mm_ISO160_1-15 s
181,HER_1219719_2_47_F11_51 mm_ISO160_1-15 s
182,HER_1219719_3_48_F11_51 mm_ISO160_1-15 s
183,HER_1219719_4_49_F11_51 mm_ISO160_1-15 s
184,HER_1219719_5_50_F11_51 mm_ISO160_1-15 s
185,HER_1219719_6_51_F11_51 mm_ISO160_1-15 s
186,HER_1219719_7_52_F11_51 mm_ISO160_1-15 s
187,HER_1219719_8_53_F11_51 mm_ISO160_1-15 s
188,HER_1219719_9_54_F11_51 mm_ISO160_1-15 s
189,HER_1219719_10_55_F11_51 mm_ISO160_1-15 s
190,HER_1219719_11_56_F11_51 mm_ISO160_1-15 s
191,HER_1219719_12_57_F11_51 mm_ISO160_1-15 s
192,HER_1219719_13_58_F11_51 mm_ISO160_1-15 s
193,HER_1219719_14_59_F11_51 mm_ISO160_1-15 s
194,HER_1219719_15_60_F11_51 mm_ISO160_1-15 s
195,HER_1219719_16_61_F11_51 mm_ISO160_1-15 s
196,HER_1926719_01_62_F11_51 mm_ISO160_1-15 s
197,HER_1926719_02_63_F11_51 mm_ISO160_1-15 s
198,HER_1926719_03_64_F11_51 mm_ISO160_1-15 s
199,HER_1926719_04_65_F11_51 mm_ISO160_1-15 s
200,HER_1926719_05_66_F11_51 mm_ISO160_1-15 s
201,HER_1926719_06_67_F11_51 mm_ISO160_1-15 s
202,HER_1926719_07_68_F11_51 mm_ISO160_1-15 s
203,HER_1926719_09_69_F11_51 mm_ISO160_1-15 s
204,HER_1926719_10_70_F11_51 mm_ISO160_1-15 s
205,HER_1926719_12_72_F11_51 mm_ISO160_1-15 s
206,HER_1926719_13_73_F11_51 mm_ISO160_1-15 s
207,HER_1926719_14_74_F11_51 mm_ISO160_1-15 s
208,HER_1926719_15_75_F11_51 mm_ISO160_1-15 s
209,KAMPEN_30719_A_30_F11_51 mm_ISO160_1-15 s
210,KAMPEN_30719_B_29_F11_51 mm_ISO160_1-15 s
211,KAMPEN_30719_C_28_F11_51 mm_ISO160_1-15 s
212,KAMPEN_W29_A_43_F11_51 mm_ISO160_1-15 s
213,KAMPEN_W29_B_44_F11_51 mm_ISO160_1-15 s
214,KAMPEN_W29_C_45_F11_51 mm_ISO160_1-15 s
215,her_262719_01_12_F11_51 mm_ISO160_1-15 s
216,her_262719_02_13_F11_51 mm_ISO160_1-15 s
217,her_262719_03_14_F11_51 mm_ISO160_1-15 s
218,her_262719_04_15_F11_51 mm_ISO160_1-15 s
219,her_262719_05_16_F11_51 mm_ISO160_1-15 s
220,her_262719_06_17_F11_51 mm_ISO160_1-15 s
221,her_262719_07_18_F11_51 mm_ISO160_1-15 s
222,her_262719_08_19_F11_51 mm_ISO160_1-15 s
223,her_262719_09_20_F11_51 mm_ISO160_1-15 s
224,her_262719_10_21_F11_51 mm_ISO160_1-15 s
225,her_262719_11_22_F11_51 mm_ISO160_1-15 s
226,her_262719_12_23_F11_51 mm_ISO160_1-15 s
227,her_262719_13_24_F11_51 mm_ISO160_1-15 s
228,her_262719_14_25_F11_51 mm_ISO160_1-15 s
229,her_262719_15_26_F11_51 mm_ISO160_1-15 s
230,her_262719_16_27_F11_51 mm_ISO160_1-15 s
231,beavech_w31_3daysold_A_22_F10_51 mm_ISO160_1-15 s
232,beavech_w31_3daysold_B_21_F10_51 mm_ISO160_1-15 s
233,beavech_w31_3daysold_C_20_F10_51 mm_ISO160_1-15 s
234,brainelal_w31_3daysold_A_17_F10_51 mm_ISO160_1-15 s
235,brainelal_w31_3daysold_B_18_F10_51 mm_ISO160_1-15 s
236,brainelal_w31_3daysold_C_19_F10_51 mm_ISO160_1-15 s
237,herent_02090819_01_F10_51 mm_ISO160_1-15 s
238,herent_02090819_02_F10_51 mm_ISO160_1-15 s
239,herent_02090819_03_F10_51 mm_ISO160_1-15 s
240,herent_02090819_04_F10_51 mm_ISO160_1-15 s
241,herent_02090819_05_F10_51 mm_ISO160_1-15 s
242,herent_02090819_06_F10_51 mm_ISO160_1-15 s
243,herent_02090819_07_F10_51 mm_ISO160_1-15 s
244,herent_02090819_08_F10_51 mm_ISO160_1-15 s
245,herent_02090819_09_F10_51 mm_ISO160_1-15 s
246,herent_02090819_10_F10_51 mm_ISO160_1-15 s
247,herent_02090819_11_F10_51 mm_ISO160_1-15 s
248,herent_02090819_12_F10_51 mm_ISO160_1-15 s
249,herent_02090819_13_F10_51 mm_ISO160_1-15 s
250,herent_02090819_14_F10_51 mm_ISO160_1-15 s
251,herent_02090819_15_F10_51 mm_ISO160_1-15 s
252,herent_02090819_16_F10_51 mm_ISO160_1-15 s
253,kampen_060819_yellow_3daysold_A_28_F10_51 mm_ISO160_1-15 s
254,kampen_060819_yellow_3daysold_B_27_F10_51 mm_ISO160_1-15 s
255,kampen_060819_yellow_3daysold_C_26_F10_51 mm_ISO160_1-15 s
256,kampen_w31_3daysold_A_23_F10_51 mm_ISO160_1-15 s
257,kampen_w31_3daysold_B_24_F10_51 mm_ISO160_1-15 s
258,kampen_w31_3daysold_C_25_F10_51 mm_ISO160_1-15 s
259,beauvech_w32_A_24_F10_51 mm_ISO160_1-15 s_3daysold
260,beauvech_w32_B_23_F10_51 mm_ISO160_1-15 s_3daysold
261,beauvech_w32_C_22_F10_51 mm_ISO160_1-15 s_3daysold
262,brainelal_w32_A_21_F10_51 mm_ISO160_1-15 s_3daysold
263,brainelal_w32_B_20_F10_51 mm_ISO160_1-15 s_3daysold
264,brainelal_w32_C_19_F10_51 mm_ISO160_1-15 s_3daysold
265,herent_09160819_01_F10_51 mm_ISO160_1-15 s
266,herent_09160819_02_F10_51 mm_ISO160_1-15 s
267,herent_09160819_03_F10_51 mm_ISO160_1-15 s
268,herent_09160819_04_F10_51 mm_ISO160_1-15 s
269,herent_09160819_05_F10_51 mm_ISO160_1-15 s
270,herent_09160819_06_F10_51 mm_ISO160_1-15 s
271,herent_09160819_07_F10_51 mm_ISO160_1-15 s
272,herent_09160819_08_F10_51 mm_ISO160_1-15 s
273,herent_09160819_09_F10_51 mm_ISO160_1-15 s
274,herent_09160819_10_F10_51 mm_ISO160_1-15 s
275,herent_09160819_11_F10_51 mm_ISO160_1-15 s
276,herent_09160819_12_F10_51 mm_ISO160_1-15 s
277,herent_09160819_13_F10_51 mm_ISO160_1-15 s
278,herent_09160819_14_F10_51 mm_ISO160_1-15 s
279,herent_09160819_15_F10_51 mm_ISO160_1-15 s
280,herent_09160819_16_F10_51 mm_ISO160_1-15 s
281,kampen_w32_AAA_16_F10_51 mm_ISO160_1-15 s_3daysold
282,kampen_w32_AA_17_F10_51 mm_ISO160_1-15 s_3daysold
283,kampen_w32_A_18_F10_51 mm_ISO160_1-15 s_3daysold
284,beauvech_w34_A_F10_51 mm_ISO160_1-15 s
285,beauvech_w34_A_yellow_F10_51 mm_ISO160_1-15 s
286,beauvech_w34_B_F10_51 mm_ISO160_1-15 s
287,beauvech_w34_B_yellow_F10_51 mm_ISO160_1-15 s
288,beauvech_w34_C_F10_51 mm_ISO160_1-15 s
289,beauvech_w34_C_yellow_F10_51 mm_ISO160_1-15 s
290,brainelal_w34_A_F10_51 mm_ISO160_1-15 s
291,brainelal_w34_A_yellow_F10_51 mm_ISO160_1-15 s
292,brainelal_w34_B_F10_51 mm_ISO160_1-15 s
293,brainelal_w34_B_yellow_F10_51 mm_ISO160_1-15 s
294,brainelal_w34_C_F10_51 mm_ISO160_1-15 s
295,brainelal_w34_C_yellow_F10_51 mm_ISO160_1-15 s
296,kampen_w34_A2_F10_51 mm_ISO160_1-15 s
297,kampen_w34_A2_yellow_F10_51 mm_ISO160_1-15 s
298,kampen_w34_A3_F10_51 mm_ISO160_1-15 s
299,kampen_w34_A3_yellow_F10_51 mm_ISO160_1-15 s
300,kampen_w34_A_F10_51 mm_ISO160_1-15 s
301,kampen_w34_A_yellow_F10_51 mm_ISO160_1-15 s
302,beauvech_w35_A_F10_51 mm_ISO160_1-15 s
303,beauvech_w35_A_yellow_F10_51 mm_ISO160_1-15 s
304,beauvech_w35_A_yellow_sideB_F10_51 mm_ISO160_1-15 s
305,beauvech_w35_B_F10_51 mm_ISO160_1-15 s
306,beauvech_w35_B_yellow_F10_51 mm_ISO160_1-15 s
307,beauvech_w35_B_yellow_sideB_F10_51 mm_ISO160_1-15 s
308,beauvech_w35_C_F10_51 mm_ISO160_1-15 s
309,beauvech_w35_C_yellow_F10_51 mm_ISO160_1-15 s
310,beauvech_w35_C_yellow_sideB_F10_51 mm_ISO160_1-15 s
311,brainelal_w35_A_F10_51 mm_ISO160_1-15 s
312,brainelal_w35_A_yellow_F10_51 mm_ISO160_1-15 s
313,brainelal_w35_A_yellow_sideB_F10_51 mm_ISO160_1-15 s
314,brainelal_w35_B_F10_51 mm_ISO160_1-15 s
315,brainelal_w35_B_yellow_F10_51 mm_ISO160_1-15 s
316,brainelal_w35_B_yellow_sideB_F10_51 mm_ISO160_1-15 s
317,brainelal_w35_C_F10_51 mm_ISO160_1-15 s
318,brainelal_w35_C_yellow_F10_51 mm_ISO160_1-15 s
319,brainelal_w35_C_yellow_sideB_F10_51 mm_ISO160_1-15 s
320,kampen_w35_A_F10_51 mm_ISO160_1-15 s
321,kampen_w35_A_yellow_F10_51 mm_ISO160_1-15 s
322,kampen_w35_A_yellow_sideB_F10_51 mm_ISO160_1-15 s
323,kampen_w35_B_F10_51 mm_ISO160_1-15 s
324,kampen_w35_B_yellow_F10_51 mm_ISO160_1-15 s
325,kampen_w35_B_yellow_sideB_F10_51 mm_ISO160_1-15 s
326,kampen_w35_C_F10_51 mm_ISO160_1-15 s
327,kampen_w35_C_yellow_F10_51 mm_ISO160_1-15 s
328,kampen_w35_C_yellow_sideB_F10_51 mm_ISO160_1-15 s
329,beauvech_w36_A_F10_51 mm_ISO160_1-15 s
330,beauvech_w36_B_F10_51 mm_ISO160_1-15 s
331,beauvech_w36_C_F10_51 mm_ISO160_1-15 s
332,beauvech_w36_C_yellow_F10_51 mm_ISO160_1-15 s
333,beauvech_w36_C_yellow_sideB_F10_51 mm_ISO160_1-15 s
334,brainelal_w36_A_F10_51 mm_ISO160_1-15 s
335,brainelal_w36_B_F10_51 mm_ISO160_1-15 s
336,brainelal_w36_C_F10_51 mm_ISO160_1-15 s
337,kampen_w36_A_F10_51 mm_ISO160_1-15 s
338,kampen_w36_A_yellow_F10_51 mm_ISO160_1-15 s
339,kampen_w36_A_yellow_sideB_F10_51 mm_ISO160_1-15 s
340,kampen_w36_B_F10_51 mm_ISO160_1-15 s
341,kampen_w36_B_yellow_F10_51 mm_ISO160_1-15 s
342,kampen_w36_B_yellow_sideB_F10_51 mm_ISO160_1-15 s
343,kampen_w36_C_F10_51 mm_ISO160_1-15 s
344,kampen_w36_C_yellow_F10_51 mm_ISO160_1-15 s
345,kampen_w36_C_yellow_sideB_F10_51 mm_ISO160_1-15 s
346,beauvech_w37_A_F10_51 mm_ISO160_1-15 s
347,beauvech_w37_A_yellow_F10_51 mm_ISO160_1-15 s
348,beauvech_w37_A_yellow_sideB_F10_51 mm_ISO160_1-15 s
349,beauvech_w37_B_F10_51 mm_ISO160_1-15 s
350,beauvech_w37_B_yellow_F10_51 mm_ISO160_1-15 s
351,beauvech_w37_B_yellow_sideB_F10_51 mm_ISO160_1-15 s
352,beauvech_w37_C_F10_51 mm_ISO160_1-15 s
353,beauvech_w37_C_yellow_F10_51 mm_ISO160_1-15 s
354,beauvech_w37_C_yellow_sideB_F10_51 mm_ISO160_1-15 s
355,brainelal_w37_A_F10_51 mm_ISO160_1-15 s
356,brainelal_w37_A_yellow_F10_51 mm_ISO160_1-15 s
357,brainelal_w37_A_yellow_sideB_F10_51 mm_ISO160_1-15 s
358,brainelal_w37_B_F10_51 mm_ISO160_1-15 s
359,brainelal_w37_B_yellow_F10_51 mm_ISO160_1-15 s
360,brainelal_w37_B_yellow_sideB_F10_51 mm_ISO160_1-15 s
361,brainelal_w37_C_F10_51 mm_ISO160_1-15 s
362,brainelal_w37_C_yellow_F10_51 mm_ISO160_1-15 s
363,brainelal_w37_C_yellow_sideB_F10_51 mm_ISO160_1-15 s
364,kampen_w37_A_F10_51 mm_ISO160_1-15 s
365,kampen_w37_A_yellow_F10_51 mm_ISO160_1-15 s
366,kampen_w37_A_yellow_sideB_F10_51 mm_ISO160_1-15 s
367,kampen_w37_B_F10_51 mm_ISO160_1-15 s
368,kampen_w37_B_yellow_F10_51 mm_ISO160_1-15 s
369,kampen_w37_B_yellow_sideB_F10_51 mm_ISO160_1-15 s
370,kampen_w37_C_F10_51 mm_ISO160_1-15 s
371,kampen_w37_C_yellow_F10_51 mm_ISO160_1-15 s
372,kampen_w37_C_yellow_sideB_F10_51 mm_ISO160_1-15 s
373,wmv_sensor_F10_51 mm_ISO160_1-15 s
374,wmv_sensor_same_F10_51 mm_ISO160_1-15 s
375,beauvech_w38_A_F10_51 mm_ISO160_1-15 s
376,beauvech_w38_A_yellow_F10_51 mm_ISO160_1-15 s
377,beauvech_w38_A_yellow_sideB_F10_51 mm_ISO160_1-15 s
378,beauvech_w38_B_F10_51 mm_ISO160_1-15 s
379,beauvech_w38_B_yellow_F10_51 mm_ISO160_1-15 s
380,beauvech_w38_B_yellow_sideB_F10_51 mm_ISO160_1-15 s
381,beauvech_w38_C_F10_51 mm_ISO160_1-15 s
382,beauvech_w38_C_yellow_F10_51 mm_ISO160_1-15 s
383,beauvech_w38_C_yellow_F10_51 mm_ISO160_1-15 s_1
384,beauvech_w38_C_yellow_sideB_F10_51 mm_ISO160_1-15 s
385,beauvech_w38_C_yellow_sideB_F10_51 mm_ISO160_1-15 s_1
386,beauvech_w39_A_F10_51 mm_ISO160_1-15 s
387,beauvech_w39_A_yellow_F10_51 mm_ISO160_1-15 s
388,beauvech_w39_A_yellow_sideB_F10_51 mm_ISO160_1-15 s
389,beauvech_w39_B_F10_51 mm_ISO160_1-15 s
390,beauvech_w39_C_F10_51 mm_ISO160_1-15 s
391,beauvech_w39_C_yellow_F10_51 mm_ISO160_1-15 s
392,beauvech_w39_C_yellow_sideB_F10_51 mm_ISO160_1-15 s
393,brainelal_w38_A_F10_51 mm_ISO160_1-15 s
394,brainelal_w38_A_yellow_F10_51 mm_ISO160_1-15 s
395,brainelal_w38_A_yellow_sideB_F10_51 mm_ISO160_1-15 s
396,brainelal_w38_B_F10_51 mm_ISO160_1-15 s
397,brainelal_w38_B_yellow_F10_51 mm_ISO160_1-15 s
398,brainelal_w38_B_yellow_sideB_F10_51 mm_ISO160_1-15 s
399,brainelal_w38_C_F10_51 mm_ISO160_1-15 s
400,brainelal_w39_A_F10_51 mm_ISO160_1-15 s
401,brainelal_w39_A_yellow_F10_51 mm_ISO160_1-15 s
402,brainelal_w39_A_yellow_sideB_F10_51 mm_ISO160_1-15 s
403,brainelal_w39_B_F10_51 mm_ISO160_1-15 s
404,brainelal_w39_B_yellow_F10_51 mm_ISO160_1-15 s
405,brainelal_w39_B_yellow_sideB_F10_51 mm_ISO160_1-15 s
406,brainelal_w39_C_F10_51 mm_ISO160_1-15 s
407,brainelal_w39_C_yellow_F10_51 mm_ISO160_1-15 s
408,brainelal_w39_C_yellow_sideB_F10_51 mm_ISO160_1-15 s
409,kampen_w38_A_F10_51 mm_ISO160_1-15 s
410,kampen_w38_A_yellow_F10_51 mm_ISO160_1-15 s
411,kampen_w38_A_yellow_sideB_F10_51 mm_ISO160_1-15 s
412,kampen_w38_B_F10_51 mm_ISO160_1-15 s
413,kampen_w38_B_yellow_F10_51 mm_ISO160_1-15 s
414,kampen_w38_B_yellow_sideB_F10_51 mm_ISO160_1-15 s
415,kampen_w38_C_F10_51 mm_ISO160_1-15 s
416,kampen_w38_C_yellow_F10_51 mm_ISO160_1-15 s
417,kampen_w38_C_yellow_sideB_F10_51 mm_ISO160_1-15 s
418,kampen_w39_A_F10_51 mm_ISO160_1-15 s
419,kampen_w39_A_yellow_F10_51 mm_ISO160_1-15 s
420,kampen_w39_A_yellow_sideB_F10_51 mm_ISO160_1-15 s
421,kampen_w39_B_F10_51 mm_ISO160_1-15 s
422,kampen_w39_B_yellow_F10_51 mm_ISO160_1-15 s
423,kampen_w39_B_yellow_sideB_F10_51 mm_ISO160_1-15 s
424,kampen_w39_C_F10_51 mm_ISO160_1-15 s
425,kampen_w39_C_yellow_F10_51 mm_ISO160_1-15 s
426,kampen_w39_C_yellow_sideB_F10_51 mm_ISO160_1-15 s
427,beauvech_w33_A_F10_51 mm_ISO160_1-15 s
428,beauvech_w33_A_yellow_F10_51 mm_ISO160_1-15 s
429,beauvech_w33_B_F10_51 mm_ISO160_1-15 s
430,beauvech_w33_B_yellow_F10_51 mm_ISO160_1-15 s
431,beauvech_w33_C_F10_51 mm_ISO160_1-15 s
432,beauvech_w33_C_yellow_F10_51 mm_ISO160_1-15 s
433,brainelal_w33_A_F10_51 mm_ISO160_1-15 s
434,brainelal_w33_A_yellow_F10_51 mm_ISO160_1-15 s
435,brainelal_w33_B_F10_51 mm_ISO160_1-15 s
436,brainelal_w33_B_yellow_F10_51 mm_ISO160_1-15 s
437,brainelal_w33_C_F10_51 mm_ISO160_1-15 s
438,brainelal_w33_C_yellow_F10_51 mm_ISO160_1-15 s
439,her_16230819_0001_F10_51 mm_ISO160_1-15 s
440,her_16230819_0002_F10_51 mm_ISO160_1-15 s
441,her_16230819_0003_F10_51 mm_ISO160_1-15 s
442,her_16230819_0004_F10_51 mm_ISO160_1-15 s
443,her_16230819_0005_F10_51 mm_ISO160_1-15 s
444,her_16230819_0006_F10_51 mm_ISO160_1-15 s
445,her_16230819_0007_F10_51 mm_ISO160_1-15 s
446,her_16230819_0008_F10_51 mm_ISO160_1-15 s
447,her_16230819_0009_F10_51 mm_ISO160_1-15 s
448,her_16230819_0010_F10_51 mm_ISO160_1-15 s
449,her_16230819_0011_F10_51 mm_ISO160_1-15 s
450,her_16230819_0012_F10_51 mm_ISO160_1-15 s
451,her_16230819_0013_F10_51 mm_ISO160_1-15 s
452,her_16230819_0014_F10_51 mm_ISO160_1-15 s
453,her_16230819_0015_F10_51 mm_ISO160_1-15 s
454,her_16230819_0016_F10_51 mm_ISO160_1-15 s
455,kampen_w33_A2_F10_51 mm_ISO160_1-15 s
456,kampen_w33_A2_yellow_F10_51 mm_ISO160_1-15 s
457,kampen_w33_A3_F10_51 mm_ISO160_1-15 s
458,kampen_w33_A3_yellow_F10_51 mm_ISO160_1-15 s
459,kampen_w33_A_F10_51 mm_ISO160_1-15 s
460,kampen_w33_A_yellow_F10_51 mm_ISO160_1-15 s
461,kampen_w41_A_F10_51 mm_ISO160_1-15 s
462,kampen_w41_B_F10_51 mm_ISO160_1-15 s
463,kampen_w41_C_F10_51 mm_ISO160_1-15 s
464,her_07140619_0003
465,her_07140619_0004
466,her_07140619_0006
467,her_07140619_0007
468,her_07140619_0008
469,her_07140619_0009
470,her_07140619_0012
471,her_07140619_0013
472,her_07140619_0014
473,her_07140619_0015
474,her_14210619_0001
475,her_14210619_0003
476,her_14210619_0004
477,her_14210619_0005
478,her_14210619_0006
479,her_14210619_0008
480,her_14210619_0009
481,her_14210619_0010
482,her_14210619_0011
483,her_14210619_0012
484,her_14210619_0013
485,her_14210619_0014
486,her_14210619_0015
487,her_14210619_0016
488,her_24310519_0001
489,her_24310519_0003
490,her_24310519_0004
491,her_24310519_0006
492,her_24310519_0007
493,her_24310519_0008
494,her_24310519_0009
495,her_24310519_0010
496,her_24310519_0011
497,her_24310519_0012
498,her_24310519_0013
499,her_24310519_0014
500,her_31070619_0001
501,her_31070619_0003
502,her_31070619_0006
503,her_31070619_0007
504,her_31070619_0008
505,her_31070619_0009
506,her_31070619_0012
507,her_31070619_0013
508,her_31070619_0014
509,her_31070619_0015
